HTTPS://114.229.69.78:808,808
HTTP://118.190.95.35:9001,9001
HTTPS://118.190.95.26:9001,9001
HTTP://122.114.31.177:808,808
HTTPS://101.236.21.22:8866,8866
HTTP://118.190.95.43:9001,9001
HTTP://61.135.217.7:80,80
HTTPS://139.129.99.9:3128,3128
HTTPS://118.31.220.3:8080,8080
HTTP://101.236.35.98:8866,8866
HTTPS://115.203.166.5:808,808
HTTP://221.7.76.199:808,808
HTTPS://182.240.23.143:8118,8118
HTTPS://123.207.30.131:80,80
HTTPS://114.237.57.202:36583,36583
HTTPS://49.79.156.84:8000,8000
HTTP://101.236.23.202:8866,8866
HTTPS://60.255.186.169:8888,8888
HTTPS://101.236.60.48:8866,8866
HTTP://182.45.178.45:6666,6666
HTTPS://117.86.15.189:18118,18118
HTTPS://101.236.19.165:8866,8866
HTTP://106.56.102.46:8070,8070
HTTP://114.232.161.162:18118,18118
HTTPS://114.99.255.134:8118,8118
HTTPS://1.193.238.174:8010,8010
HTTPS://125.118.145.252:6666,6666
HTTPS://36.33.25.76:808,808
HTTP://183.20.10.158:61234,61234
HTTPS://123.180.69.63:8010,8010
HTTPS://171.38.95.235:8123,8123
HTTPS://60.205.205.48:80,80
HTTPS://59.38.241.50:61234,61234
HTTP://115.198.36.5:6666,6666
HTTPS://101.236.60.52:8866,8866
HTTP://221.227.249.150:18118,18118
HTTPS://180.122.144.245:53128,53128
HTTP://111.155.116.224:8123,8123
HTTPS://113.240.226.164:8080,8080
HTTPS://175.148.75.53:1133,1133
HTTPS://110.72.47.160:8123,8123
HTTP://117.86.204.93:18118,18118
HTTP://114.232.168.186:18118,18118
HTTP://117.86.200.227:18118,18118
HTTP://117.86.20.236:18118,18118
HTTPS://111.200.8.126:8123,8123
HTTPS://114.99.30.178:18118,18118
HTTPS://14.106.106.153:40880,40880
HTTPS://221.227.250.232:18118,18118
HTTP://122.246.53.76:8010,8010
HTTPS://121.31.159.128:8123,8123
HTTP://121.31.147.13:8123,8123
HTTPS://202.104.113.35:53281,53281
HTTP://111.155.116.212:8123,8123
HTTPS://180.121.128.132:18118,18118
HTTP://121.31.101.178:8123,8123
HTTP://106.56.102.209:8070,8070
HTTPS://106.56.102.138:8070,8070
HTTP://221.227.249.133:18118,18118
HTTP://117.86.203.81:18118,18118
HTTPS://106.8.17.36:60443,60443
HTTPS://139.208.194.21:8118,8118
HTTP://113.14.172.31:8118,8118
HTTPS://117.86.22.103:18118,18118
HTTPS://114.232.162.94:18118,18118
HTTP://1.194.143.190:24060,24060
HTTPS://121.69.13.242:53281,53281
HTTPS://42.227.139.121:39405,39405
HTTPS://117.69.168.204:37967,37967
HTTPS://115.204.27.90:6666,6666
HTTPS://223.241.116.252:8010,8010
HTTPS://114.99.30.212:808,808
HTTPS://117.86.12.57:18118,18118
HTTPS://117.64.233.41:37255,37255
HTTPS://122.235.174.86:8118,8118
HTTP://218.65.65.82:61234,61234
HTTPS://211.159.171.58:80,80
HTTP://110.73.42.44:8123,8123
HTTPS://222.182.56.207:8118,8118
HTTP://117.86.200.131:18118,18118
HTTP://114.231.67.205:18118,18118
HTTP://113.110.46.22:61234,61234
HTTPS://121.60.77.239:8010,8010
HTTPS://221.230.216.172:46556,46556
HTTPS://221.227.250.138:18118,18118
HTTP://49.65.161.7:18118,18118
HTTP://117.86.10.18:18118,18118
HTTP://114.231.64.17:18118,18118
HTTPS://49.74.131.222:8123,8123
HTTP://121.31.193.249:8123,8123
HTTPS://112.249.171.223:8118,8118
HTTP://220.191.12.110:808,808
HTTPS://125.115.180.96:3128,3128
HTTPS://123.8.236.248:20422,20422
HTTP://111.155.116.200:8123,8123
HTTPS://180.118.242.59:61234,61234
HTTP://114.99.27.244:18118,18118
HTTPS://42.4.215.176:49037,49037
HTTPS://114.99.26.15:32926,32926
HTTPS://117.86.20.128:18118,18118
HTTPS://121.237.142.95:35571,35571
HTTPS://110.73.43.60:8123,8123
HTTPS://180.118.243.253:61234,61234
HTTP://171.38.37.64:8123,8123
HTTP://106.56.102.50:8070,8070
HTTPS://117.86.16.68:18118,18118
HTTP://111.155.116.245:8123,8123
HTTPS://27.16.162.43:808,808
HTTPS://114.231.71.199:18118,18118
HTTP://182.240.38.67:8118,8118
HTTPS://122.246.54.140:41764,41764
HTTPS://180.118.242.112:808,808
HTTP://121.31.103.166:8123,8123
HTTP://114.231.68.125:18118,18118
HTTPS://106.56.102.180:8070,8070
HTTPS://121.31.103.110:8123,8123
HTTPS://114.99.5.120:35478,35478
HTTPS://42.202.51.252:38141,38141
HTTP://119.5.1.9:808,808
HTTP://171.39.1.14:8123,8123
HTTP://115.219.104.180:8010,8010
HTTPS://27.184.147.125:8118,8118
HTTP://111.155.116.217:8123,8123
HTTPS://115.46.79.146:8123,8123
HTTPS://220.184.215.73:6666,6666
HTTPS://221.230.216.215:38442,38442
HTTP://117.86.23.102:18118,18118
HTTP://110.73.11.69:8123,8123
HTTP://117.86.10.75:18118,18118
HTTPS://221.5.54.6:808,808
HTTPS://115.198.32.121:6666,6666
HTTP://117.86.202.82:18118,18118
HTTPS://106.58.123.116:80,80
HTTP://125.121.118.56:808,808
HTTP://221.199.195.22:34555,34555
HTTP://111.155.116.234:8123,8123
HTTPS://106.56.102.65:8070,8070
HTTPS://218.91.13.216:35965,35965
HTTPS://123.180.69.253:8010,8010
HTTP://121.205.254.190:8010,8010
HTTP://123.161.155.70:23332,23332
HTTPS://122.246.49.164:8010,8010
HTTPS://119.96.195.199:8010,8010
HTTPS://180.121.131.101:18118,18118
HTTPS://123.53.133.65:8010,8010
HTTP://117.86.201.121:18118,18118
HTTP://106.56.102.106:8070,8070
HTTP://117.86.202.243:18118,18118
HTTP://60.188.0.23:808,808
HTTPS://123.232.184.177:8118,8118
HTTP://118.114.77.47:8080,8080
HTTP://49.71.81.106:3128,3128
HTTP://117.86.18.52:18118,18118
HTTP://221.227.248.223:18118,18118
HTTPS://183.135.248.248:20729,20729
HTTP://110.73.2.3:8123,8123
HTTPS://123.134.157.131:61234,61234
HTTP://175.155.24.35:808,808
HTTPS://125.111.116.59:20555,20555
HTTPS://122.246.53.93:8010,8010
HTTPS://221.227.248.85:18118,18118
HTTPS://220.191.12.140:6666,6666
HTTP://124.235.144.237:80,80
HTTPS://117.86.10.49:808,808
HTTPS://114.231.65.231:18118,18118
HTTP://114.231.64.40:18118,18118
HTTPS://123.162.85.212:36527,36527
HTTPS://182.88.165.183:8123,8123
HTTP://171.13.36.72:808,808
HTTP://123.55.93.52:40673,40673
HTTP://114.219.48.97:31324,31324
HTTPS://125.111.119.24:37639,37639
HTTP://114.232.163.226:18118,18118
HTTPS://221.227.250.26:18118,18118
HTTP://49.65.160.193:18118,18118
HTTP://117.86.18.248:18118,18118
HTTPS://123.161.155.215:32369,32369
HTTPS://180.118.243.22:61234,61234
HTTPS://42.5.170.201:38981,38981
HTTPS://171.14.236.153:39487,39487
HTTPS://218.24.58.129:25920,25920
HTTP://125.109.196.171:25307,25307
HTTPS://115.203.195.129:20622,20622
HTTP://171.12.166.95:20516,20516
HTTPS://115.194.19.216:48839,48839
HTTPS://123.55.176.61:32953,32953
HTTPS://106.110.73.30:32857,32857
HTTPS://113.87.193.253:60443,60443
HTTPS://113.121.22.59:31185,31185
HTTPS://115.210.78.62:36296,36296
HTTPS://42.59.99.166:40774,40774
HTTPS://117.86.15.60:18118,18118
HTTP://1.199.195.75:28695,28695
HTTPS://123.53.118.192:46713,46713
HTTPS://121.224.40.190:28144,28144
HTTPS://115.226.157.104:46140,46140
HTTPS://171.221.202.181:63000,63000
HTTP://171.13.36.47:808,808
HTTPS://114.231.154.125:33203,33203
HTTPS://218.73.136.222:39987,39987
HTTPS://122.242.93.224:22053,22053
HTTPS://123.161.154.106:45762,45762
HTTPS://140.224.98.35:37105,37105
HTTPS://114.221.170.131:28725,28725
HTTPS://113.124.95.2:36419,36419
HTTPS://123.55.93.181:30419,30419
HTTP://115.221.120.226:45394,45394
HTTPS://36.99.206.23:61234,61234
HTTP://123.160.18.190:43402,43402
HTTP://123.55.176.171:43688,43688
HTTP://123.54.223.68:31891,31891
HTTP://115.230.76.222:22057,22057
HTTPS://114.239.249.96:808,808
HTTP://113.124.95.168:29740,29740
HTTP://221.229.231.178:48790,48790
HTTP://1.199.70.192:48757,48757
HTTPS://180.121.128.122:3128,3128
HTTPS://123.53.133.244:24167,24167
HTTPS://123.160.54.201:41904,41904
HTTPS://115.213.229.216:35185,35185
HTTPS://49.70.94.169:31629,31629
HTTPS://125.117.145.100:25508,25508
HTTPS://123.55.152.113:29917,29917
HTTP://120.35.175.145:29607,29607
HTTP://125.111.116.216:49947,49947
HTTPS://218.73.129.100:48898,48898
HTTPS://115.50.233.171:37578,37578
HTTPS://1.197.57.45:35112,35112
HTTPS://115.203.194.214:31499,31499
HTTPS://121.205.8.126:35729,35729
HTTP://114.232.94.240:8088,8088
HTTPS://1.199.194.147:22386,22386
HTTPS://114.232.163.162:18118,18118
HTTPS://36.6.146.74:48794,48794
HTTPS://114.105.232.167:40575,40575
HTTPS://115.202.250.154:40171,40171
HTTPS://125.111.116.216:49947,49947
HTTP://121.205.8.62:42377,42377
HTTPS://122.241.201.122:41870,41870
HTTPS://59.59.215.18:20896,20896
HTTPS://115.213.201.162:8070,8070
HTTPS://119.136.145.159:808,808
HTTPS://175.146.92.21:36518,36518
HTTPS://115.213.249.176:38326,38326
HTTPS://171.12.167.208:41919,41919
HTTPS://60.184.185.192:41762,41762
HTTPS://49.85.3.194:32405,32405
HTTPS://115.226.138.8:34247,34247
HTTPS://1.199.155.228:39168,39168
HTTPS://27.31.103.156:42720,42720
HTTPS://42.57.120.110:49225,49225
HTTPS://1.197.59.12:30965,30965
HTTPS://49.85.2.40:25134,25134
HTTPS://123.55.159.193:28074,28074
HTTPS://106.56.102.140:8070,8070
HTTP://123.162.197.145:42078,42078
HTTP://36.26.117.111:37167,37167
HTTP://117.28.24.112:25047,25047
HTTP://171.12.183.249:21737,21737
HTTP://117.69.96.119:32283,32283
HTTPS://222.85.39.131:808,808
HTTP://114.232.168.88:18118,18118
HTTPS://60.179.40.195:27461,27461
HTTPS://183.151.41.23:3128,3128
HTTPS://180.118.240.47:808,808
HTTPS://125.111.118.172:44669,44669
HTTP://125.111.118.172:44669,44669
HTTPS://220.165.30.80:39447,39447
HTTPS://115.221.117.213:24541,24541
HTTPS://101.27.20.179:28079,28079
HTTPS://117.31.145.161:32539,32539
HTTP://182.88.161.125:8123,8123
HTTP://106.56.102.240:8070,8070
HTTPS://123.55.3.243:43582,43582
HTTPS://125.111.116.174:33469,33469
HTTPS://125.111.119.71:47846,47846
HTTPS://49.87.33.23:25303,25303
HTTPS://106.110.197.72:30699,30699
HTTPS://49.85.2.138:39900,39900
HTTPS://117.86.12.112:22723,22723
HTTPS://125.112.205.173:47406,47406
HTTPS://59.173.75.240:8010,8010
HTTPS://123.55.177.250:38518,38518
HTTPS://222.85.39.137:808,808
HTTPS://1.199.153.85:27501,27501
HTTP://221.227.249.214:18118,18118
HTTPS://175.167.61.214:26996,26996
HTTPS://125.109.198.55:40361,40361
HTTP://36.99.206.73:808,808
HTTPS://123.53.118.214:24643,24643
HTTPS://36.6.146.199:47025,47025
HTTPS://125.118.150.121:6666,6666
HTTP://220.191.12.112:808,808
HTTPS://117.86.21.96:18118,18118
HTTPS://114.232.161.252:18118,18118
HTTPS://14.112.76.49:1133,1133
HTTPS://180.118.241.220:808,808
HTTP://171.39.45.28:8123,8123
HTTP://49.79.156.80:8000,8000
HTTPS://123.180.69.54:8010,8010
HTTPS://221.232.193.38:8010,8010
HTTPS://125.120.206.126:6666,6666
HTTPS://115.198.39.233:6666,6666
HTTPS://117.86.14.173:18118,18118
HTTPS://117.86.13.83:18118,18118
HTTPS://218.86.155.237:80,80
HTTP://114.231.69.228:24873,24873
HTTPS://106.8.17.52:60443,60443
HTTPS://180.118.241.210:808,808
HTTPS://106.56.102.28:8070,8070
HTTPS://117.86.166.84:18118,18118
HTTPS://175.150.73.181:1133,1133
HTTPS://114.231.68.64:34142,34142
HTTPS://125.121.116.180:6666,6666
HTTPS://115.198.37.108:6666,6666
HTTP://27.184.134.132:8118,8118
HTTPS://115.46.89.42:8123,8123
HTTP://121.31.102.80:8123,8123
HTTPS://117.86.203.192:18118,18118
HTTP://117.86.203.192:18118,18118
HTTPS://123.55.93.121:8010,8010
HTTPS://27.40.137.3:61234,61234
HTTPS://180.118.240.232:808,808
HTTP://115.204.24.242:6666,6666
HTTP://221.227.249.14:18118,18118
HTTP://221.227.251.16:808,808
HTTP://121.31.103.194:8123,8123
HTTPS://125.120.11.236:6666,6666
HTTPS://123.55.92.205:39129,39129
HTTPS://58.208.73.161:32148,32148
HTTPS://58.54.222.202:28467,28467
HTTPS://49.85.3.15:28281,28281
HTTPS://112.85.85.227:53128,53128
HTTPS://115.203.176.182:44657,44657
HTTP://114.231.66.40:18118,18118
HTTP://110.73.5.113:8123,8123
HTTPS://182.90.86.126:8123,8123
HTTP://110.73.7.1:8123,8123
HTTPS://117.86.204.113:18118,18118
HTTPS://115.151.4.70:53128,53128
HTTP://183.151.42.23:8070,8070
HTTP://117.86.15.183:18118,18118
HTTPS://27.40.154.230:61234,61234
HTTPS://60.176.232.171:6666,6666
HTTP://115.198.39.140:6666,6666
HTTPS://42.55.254.43:1133,1133
HTTP://111.155.116.238:8123,8123
HTTP://106.8.17.22:60443,60443
HTTPS://58.214.51.96:8070,8070
HTTPS://180.125.137.116:8000,8000
HTTP://115.46.67.143:8123,8123
HTTP://110.73.1.95:8123,8123
HTTPS://114.231.71.114:40522,40522
HTTPS://60.184.174.167:808,808
HTTP://113.105.201.81:3128,3128
HTTPS://27.40.129.145:61234,61234
HTTPS://27.40.157.177:61234,61234
HTTPS://117.13.15.33:8118,8118
HTTP://110.73.9.162:8123,8123
HTTPS://114.232.161.13:18118,18118
HTTPS://114.223.171.74:8118,8118
HTTP://111.155.116.220:8123,8123
HTTPS://125.120.201.209:6666,6666
HTTP://125.118.74.72:808,808
HTTP://175.165.128.106:1133,1133
HTTPS://180.121.135.33:18118,18118
HTTPS://58.214.50.146:8070,8070
HTTP://61.135.155.82:443,443
HTTP://171.38.87.124:8123,8123
HTTP://221.10.159.234:1337,1337
HTTP://111.155.116.222:8123,8123
HTTP://125.120.8.23:808,808
HTTP://121.31.159.69:8123,8123
HTTPS://110.73.43.93:8123,8123
HTTP://111.155.116.216:8123,8123
HTTP://110.73.40.99:8123,8123
HTTP://111.155.116.210:8123,8123
HTTPS://114.231.71.203:18118,18118
HTTPS://117.86.201.153:18118,18118
HTTP://221.227.251.162:18118,18118
HTTPS://122.246.50.251:8010,8010
HTTP://123.185.80.216:8118,8118
HTTPS://180.118.241.222:808,808
HTTP://175.165.128.68:1133,1133
HTTP://121.31.156.130:8123,8123
HTTPS://111.72.155.65:53128,53128
HTTP://221.227.248.160:18118,18118
HTTPS://117.86.200.37:18118,18118
HTTPS://115.46.71.98:8123,8123
HTTP://106.56.102.6:8070,8070
HTTPS://171.12.179.190:61234,61234
HTTP://111.155.116.208:8123,8123
HTTP://119.5.0.51:808,808
HTTP://180.121.132.17:18118,18118
HTTPS://115.46.77.82:8123,8123
HTTP://180.121.134.9:808,808
HTTP://125.118.77.124:808,808
HTTPS://106.56.102.131:8070,8070
HTTPS://114.232.163.222:18118,18118
HTTP://110.73.3.39:8123,8123
